{
  "result" : [{
      "conf" : 0.394867,
      "end" : 0.480000,
      "start" : 0.030000,
      "word" : "哦"
    }, {
      "conf" : 1.000000,
      "end" : 1.860000,
      "start" : 1.590000,
      "word" : "那么"
    }, {
      "conf" : 1.000000,
      "end" : 2.190000,
      "start" : 1.860000,
      "word" : "答案"
    }, {
      "conf" : 1.000000,
      "end" : 2.820000,
      "start" : 2.190000,
      "word" : "是"
    }],
  "text" : "哦 那么 答案 是"
}